全国地方公共団体コード,都道府県名,市区町村名,医療機関コード,医療機関名,かかりつけのみ,電話番号,町,所在地1,所在地2,所在地3,所在地_緯度,所在地_経度
221309,静岡県,浜松市,2217210398,あいみるクリニック,かかりつけのみ,053-596-5037,宇布見,浜松市西区,雄踏町宇布見4863-1,,34.695984,137.637587
221309,静岡県,浜松市,2218201222,加藤医院,かかりつけのみ,053-592-1059,宇布見,浜松市西区,雄踏町宇布見7987-11,,34.701025,137.632435
221309,静岡県,浜松市,2217211024,平野医院,,053-592-1011,宇布見,浜松市西区,雄踏町宇布見4889-1,,34.696235,137.634185
221309,静岡県,浜松市,2218210041,医療法人社団和進会 鈴木医院,かかりつけのみ,053-592-1050,宇布見,浜松市西区,雄踏町宇布見8910-1,,34.700471,137.628787
221309,静岡県,浜松市,2217110705,新村医院,かかりつけのみ,053-487-0025,舘山寺町,浜松市西区,舘山寺町2686-1,,34.757009,137.610955
221309,静岡県,浜松市,2217111893,佐野外科胃腸科医院,かかりつけのみ,053-486-3411,湖東町,浜松市西区,湖東町1169-91,,34.759194,137.668302
221309,静岡県,浜松市,2217110697,竹内内科眼科クリニック,かかりつけのみ,053-486-0074,湖東町,浜松市西区,湖東町1487-41,,34.759736,137.665267
221309,静岡県,浜松市,2217104716,山城内科医院,,053-448-0862,志都呂町,浜松市西区,志都呂町1168,,34.700461,137.656443
221309,静岡県,浜松市,2217200522,いしだクリニック,かかりつけのみ,053-488-5205,志都呂二,浜松市西区,志都呂2-38-15,,34.696930,137.653610
221309,静岡県,浜松市,2217210141,ピュアレディースクリニック,かかりつけのみ,053-440-4188,志都呂二,浜松市西区,志都呂2-12-7,,34.698142,137.650495
221309,静岡県,浜松市,2217110598,医療法人社団志都呂高橋内科医院,かかりつけのみ,053-448-7521,志都呂二,浜松市西区,志都呂2-22-10,,34.699695,137.650135
221309,静岡県,浜松市,2217211412,伊藤医院,かかりつけのみ,053-415-3111,篠原町,浜松市西区,篠原町12589-1,,34.682508,137.660282
221309,静岡県,浜松市,2217111109,志都呂クリニック,,053-448-8188,西鴨江町,浜松市西区,西鴨江町621,,34.700036,137.664985
221309,静岡県,浜松市,2217201736,なかたにクリニック,,053-488-0123,村櫛町,浜松市西区,村櫛町3995-1,,34.723974,137.600373
221309,静岡県,浜松市,2217211420,東山診療所,,053-414-2511,大山町,浜松市西区,大山町2841-1,,34.774542,137.678548
221309,静岡県,浜松市,2217110853,藤井内科医院,,053-485-4481,大人見町,浜松市西区,大人見町12-12,,34.733882,137.643426
221309,静岡県,浜松市,2217200233,戸澤内科消化器科クリニック,かかりつけのみ,053-482-1122,大平台一,浜松市西区,大平台1-22-33,,34.720244,137.684599
221309,静岡県,浜松市,2217106711,西岸スズキクリニック,かかりつけのみ,053-484-0808,大平台二,浜松市西区,大平台3-29-5,,34.712752,137.678049
221309,静岡県,浜松市,2218210066,舞阪クリニック,かかりつけのみ,053-596-1116,長十新田,浜松市西区,舞阪町長十新田98-1,,34.682215,137.613183
221309,静岡県,浜松市,2217112248,いわさき耳鼻咽喉科医院,かかりつけのみ,053-445-3399,坪井町,浜松市西区,坪井町4693-3,,34.682961,137.652761
221309,静岡県,浜松市,2217201348,しんぼ泌尿器科クリニック,かかりつけのみ,053-415-1555,入野町,浜松市西区,入野町8871-1,,34.702141,137.685135
221309,静岡県,浜松市,2217210232,たかはし内科クリニック,かかりつけのみ,053-445-1322,入野町,浜松市西区,入野町9436-1,,34.698084,137.685170
221309,静岡県,浜松市,2217111737,なかむらクリニック,,053-440-3687,入野町,浜松市西区,入野町19954-550,,34.702710,137.683457
221309,静岡県,浜松市,2217211701,加藤内科クリニック,かかりつけのみ,053-448-1101,入野町,浜松市西区,入野町16100-1,,34.700994,137.673098
221309,静岡県,浜松市,2217111190,牛田外科内科医院,,053-448-1001,入野町,浜松市西区,入野町6299-2,,34.700083,137.689528
221309,静岡県,浜松市,2217110838,医療法人社団松愛会松田病院,,053-448-5121,入野町,浜松市西区,入野町753,,34.697772,137.698583
221309,静岡県,浜松市,2217210125,中西整形外科医院,かかりつけのみ,053-447-1611,入野町,浜松市西区,入野町16101-16,,34.701210,137.672296
221309,静岡県,浜松市,2217210422,鈴木内科消化器科医院,,053-415-0101,入野町,浜松市西区,入野町9863-6,,34.698031,137.677875
221309,静岡県,浜松市,2217210521,かなめ整形外科,かかりつけのみ,053-597-1500,馬郡町,浜松市西区,馬郡町6048,,34.686135,137.628264
221309,静岡県,浜松市,2217201645,たつた内科医院,,053-592-8511,馬郡町,浜松市西区,馬郡町4026,,34.681911,137.628473
221309,静岡県,浜松市,2217106984,松並木クリニック,,053-596-1390,馬郡町,浜松市西区,馬郡町3111,,34.682926,137.636308
221309,静岡県,浜松市,2217210307,医療法人社団　藤野内科医院,,053-592-4151,舞阪,浜松市西区,舞阪町舞阪2121,,34.686256,137.607805
221309,静岡県,浜松市,2218201206,正田医院,かかりつけのみ,053-592-0251,弁天島,浜松市西区,舞阪町弁天島2731-1,,34.691788,137.604566
221309,静岡県,浜松市,2218201214,弁天島田中外科クリニック,,053-597-1888,弁天島,浜松市西区,舞阪町弁天島2658-95,,34.691516,137.602946
221309,静岡県,浜松市,2217211305,鈴木内科クリニック,かかりつけのみ,053-438-5255,葵西四,浜松市中区,葵西4-20-17,,34.772275,137.703476
221309,静岡県,浜松市,2217107818,はやかわクリニック,かかりつけのみ,053-412-5070,曳馬五,浜松市中区,曳馬5-17-9,,34.732961,137.736342
221309,静岡県,浜松市,2217211081,大脇産婦人科医院,かかりつけのみ,053-411-0800,曳馬三,浜松市中区,曳馬3-3-22,,34.724547,137.744224
221309,静岡県,浜松市,2217202007,野中内科ハートクリニック,,053-545-3033,曳馬四,浜松市中区,曳馬4丁目1-17,,34.730304,137.740796
221309,静岡県,浜松市,2217110655,小島医院,,053-461-7692,曳馬二,浜松市中区,曳馬2-3-1,,34.725554,137.741933
221309,静岡県,浜松市,2217201975,木もれび内科クリニック,かかりつけのみ,053-474-1110,下池川町,浜松市中区,下池川町20-1,,34.715898,137.726160
221309,静岡県,浜松市,2217110648,小出胃腸科内科医院,,053-464-3000,茄子町,浜松市中区,茄子町352-1,,34.720119,137.750117
221309,静岡県,浜松市,2217110630,中島内科消化器科医院,かかりつけのみ,053-453-6516,海老塚二,浜松市中区,海老塚2-17-23,,34.698081,137.731042
221309,静岡県,浜松市,2217106810,かえで医院,,053-450-1600,鴨江一,浜松市中区,鴨江1-13-16,ラスカサス1F,34.702364,137.722080
221309,静岡県,浜松市,2217210323,木村内科消化器科クリニック,かかりつけのみ,053-453-9781,鴨江四,浜松市中区,鴨江4丁目19-23,,34.707107,137.720300
221309,静岡県,浜松市,2217111570,たく整形外科医院,,053-453-1122,鴨江二,浜松市中区,鴨江2丁目56-5,,34.704897,137.706862
221309,静岡県,浜松市,2217110994,木村敏夫内科医院,,053-452-7215,鴨江二,浜松市中区,鴨江2丁目52番29号,,34.704159,137.708171
221309,静岡県,浜松市,2217107073,清水クリニック,,053-467-0911,向宿一,浜松市中区,向宿1-21-16,,34.705718,137.754069
221309,静岡県,浜松市,2217210588,医療法人鶴友会 かきのきクリニック,,053-476-5500,幸一,浜松市中区,幸1-4-15,プリンセスコート1F,34.739544,137.723853
221309,静岡県,浜松市,2217211370,まつばやしこどもクリニック,かかりつけのみ,053-412-1234,幸一,浜松市中区,幸1丁目15-3,幸メディカルビル2階,34.741965,137.725565
221309,静岡県,浜松市,2217211206,橘整形外科クリニック,,053-412-0550,幸一,浜松市中区,幸1丁目15-3,幸メディカル1F,34.741965,137.725565
221309,静岡県,浜松市,2217111430,泌尿器科内科三樹医院,かかりつけのみ,053-473-1662,幸一,浜松市中区,幸1-2-27,,34.738329,137.724802
221309,静岡県,浜松市,2217102314,内山外科整形外科医院,かかりつけのみ,053-472-3161,幸五,浜松市中区,幸5-7-1,,34.745724,137.724386
221309,静岡県,浜松市,2217200704,四ツ池メディカル・ヴィレッジ,かかりつけのみ,053-478-7878,幸三,浜松市中区,幸3-5-26,,34.742943,137.730376
221309,静岡県,浜松市,2217211057,坂の上在宅医療支援医院,かかりつけのみ,053-416-2014,幸四,浜松市中区,幸4丁目36-2,,34.746028,137.732566
221309,静岡県,浜松市,2217104898,西田内科医院,,053-473-0188,幸四,浜松市中区,幸4-7-1,,34.745604,137.727025
221309,静岡県,浜松市,2217111992,長尾小児科医院,かかりつけのみ,053-453-5221,広沢一,浜松市中区,広沢1-9-18,,34.715335,137.717695
221309,静岡県,浜松市,2217111638,神経科浜松病院,かかりつけのみ,053-454-5361,広沢二,浜松市中区,広沢2丁目56番1号,,34.715801,137.710797
221309,静岡県,浜松市,2217112321,医療法人社団　井上医院,,053-430-0520,高丘西三,浜松市中区,高丘西3-46-5,,34.761898,137.699143
221309,静岡県,浜松市,2217201967,いそべハートクリニック,,053-414-7000,高丘東一,浜松市中区,高丘東1-2-33,,34.754456,137.710588
221309,静岡県,浜松市,2217107032,かねだ内科・消化器科クリニック,かかりつけのみ,053-414-0888,高丘東二,浜松市中区,高丘東2丁目8-26,,34.755278,137.712860
221309,静岡県,浜松市,2217111299,大竹内科医院,,053-437-5800,高丘北一,浜松市中区,高丘北1-33-2,,34.762079,137.708814
221309,静岡県,浜松市,2217106455,しみず内科クリニック,かかりつけのみ,053-439-6226,高丘北三,浜松市中区,高丘北3-10-16,,34.764313,137.698986
221309,静岡県,浜松市,2217200191,すずきメディカルクリニック,かかりつけのみ,053-416-0111,高林四,浜松市中区,高林4-6-40,,34.729220,137.734041
221309,静岡県,浜松市,2217106521,いくた内科医院,かかりつけのみ,053-479-3500,高林二,浜松市中区,高林2-10-18,,34.725957,137.735736
221309,静岡県,浜松市,2217110804,浜松佐藤町診療所,かかりつけのみ,053-465-0210,佐藤一,浜松市中区,佐藤一丁目22-22,,34.712104,137.744616
221309,静岡県,浜松市,2217210315,内科リウマチ科福間クリニック,かかりつけのみ,053-411-0202,佐藤三,浜松市中区,佐藤3-7-8,,34.712346,137.750098
221309,静岡県,浜松市,2217201744,中込クリニック,かかりつけのみ,053-450-5050,佐鳴台五,浜松市中区,佐鳴台5-15-25,,34.713129,137.696185
221309,静岡県,浜松市,2217105481,マスダクリニック,かかりつけのみ,053-448-0066,佐鳴台三,浜松市中区,佐鳴台3-29-22,,34.706481,137.696271
221309,静岡県,浜松市,2217110580,髙平内科,かかりつけのみ,053-456-0031,佐鳴台四,浜松市中区,佐鳴台4-3-12,,34.705677,137.701695
221309,静岡県,浜松市,2217111075,栗田内科医院,かかりつけのみ,053-448-2115,佐鳴台二,浜松市中区,佐鳴台2-32-15,,34.701806,137.691921
221309,静岡県,浜松市,2217210893,シティークリニック,かかりつけのみ,053-450-8666,砂山町,浜松市中区,砂山町329-1,グランドガーデンボンサンテ1 階A,34.703229,137.737158
221309,静岡県,浜松市,2217111661,宅間内科皮膚科,かかりつけのみ,053-471-3050,山下町,浜松市中区,山下町28,,34.715100,137.730579
221309,静岡県,浜松市,2217111448,山手クリニック,かかりつけのみ,053-452-2803,山手町,浜松市中区,山手町22-14,,34.710670,137.704826
221309,静岡県,浜松市,2217107156,小島外科消化器科医院,かかりつけのみ,053-413-6636,山手町,浜松市中区,山手町23-12,,34.710308,137.703816
221309,静岡県,浜松市,2217106224,けいクリニック,,053-453-8550,寺島町,浜松市中区,寺島町179,,34.698490,137.737512
221309,静岡県,浜松市,2217110663,ながさかハートクリニック,かかりつけのみ,053-454-1477,寺島町,浜松市中区,寺島町1057,,34.698361,137.734892
221309,静岡県,浜松市,2217210729,山本内科クリニック,,053-413-7711,寺島町,浜松市中区,寺島町300-1,,34.700413,137.741855
221309,静岡県,浜松市,2217201298,にべ医院,,053-472-8519,鹿谷町,浜松市中区,鹿谷町38-7,,34.717719,137.718865
221309,静岡県,浜松市,2217111281,一貫堂内科消化器科医院,かかりつけのみ,053-475-1551,鹿谷町,浜松市中区,鹿谷町34-32,,34.716267,137.720530
221309,静岡県,浜松市,2217211289,冨田呼吸器アレルギー内科医院,,053-412-2222,住吉一,浜松市中区,住吉1-41-19,,34.731305,137.726778
221309,静岡県,浜松市,2217111315,聖隷健康診断センター,,0570-550-216,住吉二,浜松市中区,住吉2-35-8,,34.731305,137.726778
221309,静岡県,浜松市,2217111943,大石内科痛みのクリニック,かかりつけのみ,053-474-8500,住吉二,浜松市中区,住吉2-9-8,,34.729697,137.726832
221309,静岡県,浜松市,2217110507,丸山病院,かかりつけのみ,053-473-6721,助信町,浜松市中区,助信町39-10,,34.723450,137.737749
221309,静岡県,浜松市,2218300834,東漢堂内科クリニック,かかりつけのみ,053-430-1188,小豆餅一,浜松市中区,小豆餅1-17-7,,34.753631,137.723691
221309,静岡県,浜松市,2217210208,坂の上ファミリークリニック,,053-416-1164,小豆餅四,浜松市中区,小豆餅4丁目4-20,,34.750484,137.732825
221309,静岡県,浜松市,2217201868,すずしろクリニック,,053-489-4159,松城町,浜松市中区,松城町200-10,,34.711727,137.722552
221309,静岡県,浜松市,2217201082,山下循環器クリニック,かかりつけのみ,053-416-2811,上島五,浜松市中区,上島5丁目12番28号,,34.742839,137.743819
221309,静岡県,浜松市,2217201710,かしの樹クリニック,,053-416-0606,上島六,浜松市中区,上島6-3-41,,34.741881,137.738624
221309,静岡県,浜松市,2217107313,中川原内科胃腸科医院,かかりつけのみ,053-471-9176,城北一,浜松市中区,城北1-16-6,,34.718739,137.722956
221309,静岡県,浜松市,2217201314,舘野医院,かかりつけのみ,053-471-3014,城北二,浜松市中区,城北2-1-20,,34.722431,137.719492
221309,静岡県,浜松市,2217200167,七草ファミリークリニック,かかりつけのみ,053-462-7793,新津町,浜松市中区,新津町40-1,サンポートビル101,34.723427,137.738646
221309,静岡県,浜松市,2217211594,たなか内科クリニック,,053-444-3001,神田町,浜松市中区,神田町360-27,,34.691944,137.720485
221309,静岡県,浜松市,2217107602,大久保外科・消化器科医院,,053-453-4598,菅原町,浜松市中区,菅原町16番15号,,34.697919,137.722870
221309,静岡県,浜松市,2217210265,おかやま内科,,053-456-0220,西伊場町,浜松市中区,西伊場町57-6,,34.699553,137.701155
221309,静岡県,浜松市,2217211529,そえだ医院,,053-471-5000,泉三,浜松市中区,泉3-1-58,,34.745706,137.723543
221309,静岡県,浜松市,2217201249,篠田内科,かかりつけのみ,053-416-1616,泉二,浜松市中区,泉2-36-11,,34.743302,137.719081
221309,静岡県,浜松市,2217211255,ひかり在宅クリニック,かかりつけのみ,053-461-3366,船越町,浜松市中区,船越町52-30,,34.717938,137.749763
221309,静岡県,浜松市,2217107040,夏目クリニック,かかりつけのみ,053-469-1231,早出町,浜松市中区,早出町222-4,,34.738899,137.752854
221309,静岡県,浜松市,2217107321,賛天堂外科医院,かかりつけのみ,053-461-0355,相生町,浜松市中区,相生町14-15,,34.708599,137.747887
221309,静岡県,浜松市,2217106646,松永内科クリニック,,053-450-0560,中央一,浜松市中区,中央一丁目15-5,浜松メディカルパークビル4F,34.709588,137.735383
221309,静岡県,浜松市,2217110978,渡辺医院,,053-452-6940,中央三,浜松市中区,中央3-6-13,,34.708637,137.740333
221309,静岡県,浜松市,2217200779,つばさ内科,かかりつけのみ,053-482-8020,中央二,浜松市中区,中央2-9-1,,34.710660,137.737822
221309,静岡県,浜松市,2217106489,矢部内科医院,かかりつけのみ,053-452-7770,田町,浜松市中区,田町226-19,,34.709242,137.730324
221309,静岡県,浜松市,2217107552,山口内科クリニック,かかりつけのみ,053-452-4893,東伊場一,浜松市中区,東伊場1-11-2,,34.699763,137.724306
221309,静岡県,浜松市,2217211743,クリニックフクダ,,053-488-8020,東伊場二,浜松市中区,東伊場2-7-1,商工会議所1階,34.698998,137.717510
221309,静岡県,浜松市,2217112271,さなるサンクリニック,かかりつけのみ,053-457-3221,東伊場二,浜松市中区,東伊場2-14-39,,34.697257,137.717386
221309,静岡県,浜松市,2217211032,和田医院,,053-444-5577,南浅田二,浜松市中区,南浅田2-18-38,,34.688837,137.730943
221309,静岡県,浜松市,2217111612,松下クリニック,かかりつけのみ,053-475-5225,萩丘四,浜松市中区,萩丘4-6-9,,34.746510,137.736856
221309,静岡県,浜松市,2217105937,相羽内科クリニック,かかりつけのみ,053-458-6776,板屋町,浜松市中区,板屋町110-5,,34.706241,137.735268
221309,静岡県,浜松市,2217210695,つね医院,,053-472-2500,富塚町,浜松市中区,富塚町1547-1,,34.732236,137.710260
221309,静岡県,浜松市,2217106091,橋本内科クリニック,かかりつけのみ,053-485-7200,富塚町,浜松市中区,富塚町3780-85,,34.724822,137.688881
221309,静岡県,浜松市,2217211446,小林内科・消化器内科医院,かかりつけのみ,053-474-0110,富塚町,浜松市中区,富塚町1928-8,,34.722515,137.700436
221309,静岡県,浜松市,2217110671,大坂内科医院,かかりつけのみ,053-472-1140,富塚町,浜松市中区,富塚町3002-8,,34.728818,137.691114
221309,静岡県,浜松市,2217106547,さくらクリニック,かかりつけのみ,053-452-6567,布橋三,浜松市中区,布橋3-14-17,,34.719004,137.711697
221309,静岡県,浜松市,2217111364,杉浦内科,,053-471-2723,布橋三,浜松市中区,布橋三丁目9-10,,34.721984,137.711797
221309,静岡県,浜松市,2217211578,杉山循環器クリニック,かかりつけのみ,053-412-2552,布橋二,浜松市中区,布橋2丁目12番43号,,34.719390,137.717864
221309,静岡県,浜松市,2217111497,塩見内科医院,かかりつけのみ,053-452-0785,平田町,浜松市中区,平田町45番地,,34.702511,137.729576
221309,静岡県,浜松市,2217111265,あべクリニック,,053-458-6840,北寺島町,浜松市中区,北寺島町209-5,,34.703212,137.742491
221309,静岡県,浜松市,2217201678,くろいし内科クリニック,かかりつけのみ,053-411-9614,名塚町,浜松市中区,名塚町156-1,,34.702552,137.755889
221309,静岡県,浜松市,2217106588,小沢内科クリニック,,053-462-3255,野口町,浜松市中区,野口町316,,34.717955,137.738165
221309,静岡県,浜松市,2217110721,とみた内科,かかりつけのみ,053-441-7800,領家三,浜松市中区,領家3-25-6,,34.692632,137.753989
221309,静岡県,浜松市,2217201603,よこたこどもクリニック,,053-475-7500,和合町,浜松市中区,和合町27-13,和合メディカルビル2階,34.732200,137.721817
221309,静岡県,浜松市,2217211339,大場クリニック,かかりつけのみ,053-476-8500,和合町,浜松市中区,和合町220-2486,,34.741583,137.705104
221309,静岡県,浜松市,2217106117,恵仁会　田中医院,かかりつけのみ,053-471-0155,和合町,浜松市中区,和合町11-5,,34.731669,137.714865
221309,静岡県,浜松市,2217107115,むこうだか耳鼻咽喉科,かかりつけのみ,053-471-3387,和合北一,浜松市中区,和合北1-3-68,,34.735924,137.721932
221309,静岡県,浜松市,2217201785,佐藤内科医院,かかりつけのみ,053-548-0193,和合北三,浜松市中区,和合北3-5-47,,34.739737,137.715535
221309,静岡県,浜松市,2217106513,多々見クリニック,,053-455-7755,蜆塚一,浜松市中区,蜆塚1-6-7,,34.711312,137.712868
221309,静岡県,浜松市,2217210349,かけい医院,,053-452-8418,蜆塚三,浜松市中区,蜆塚3-8-5,,34.713145,137.707315
221309,静岡県,浜松市,2217211586,北川内科医院,かかりつけのみ,053-450-6565,蜆塚四,浜松市中区,蜆塚4-23-21,,34.712026,137.702907
221309,静岡県,浜松市,2216610150,医療法人社団悦慈会　亀井内科,,053-987-0363,奥領家,浜松市天竜区,水窪町奥領家3330,,35.168202,137.869026
221309,静岡県,浜松市,2216610200,医療法人社団健勝会　鈴木診療院,,053-987-0014,奥領家,浜松市天竜区,水窪町奥領家2632-2-1,,35.159959,137.869267
221309,静岡県,浜松市,2217200670,林クリニック,かかりつけのみ,053-923-0030,横山町,浜松市天竜区,横山町532,,34.942435,137.818239
221309,静岡県,浜松市,2216500427,あたご診療所,,053-973-3911,西藤平,浜松市天竜区,西藤平1527-5,,34.911463,137.759688
221309,静岡県,浜松市,2216510087,医療法人社団象先堂　鈴木医院,かかりつけのみ,053-925-1899,二俣町二俣,浜松市天竜区,二俣町二俣91-1,,34.860992,137.815750
221309,静岡県,浜松市,2216510061,天竜すずかけ病院,かかりつけのみ,053-925-8111,二俣町二俣,浜松市天竜区,二俣町二俣2396-56,,34.857164,137.813845
221309,静岡県,浜松市,2217211354,天竜吉田医院,,053-925-8000,二俣町二俣,浜松市天竜区,二俣町二俣2406-2,,34.870742,137.814228
221309,静岡県,浜松市,2217111646,くまがいクリニック,かかりつけのみ,053-422-2588,下石田町,浜松市東区,下石田町1530,,34.735894,137.782082
221309,静岡県,浜松市,2217210356,吉井医院,,053-421-3223,下石田町,浜松市東区,下石田町1299-1,,34.740791,137.782166
221309,静岡県,浜松市,2220700039,公益財団法人静岡県予防医学協会　浜松健診センター,,053-422-7800,下石田町,浜松市東区,下石田町951,,34.739235,137.787948
221309,静岡県,浜松市,2217106752,さくらクリニック,かかりつけのみ,053-432-0088,笠井新田町,浜松市東区,笠井新田町77,,34.772098,137.790996
221309,静岡県,浜松市,2217112131,しのはら医院,かかりつけのみ,053-435-3838,笠井新田町,浜松市東区,笠井新田町196-1,,34.768179,137.789368
221309,静岡県,浜松市,2217211404,まつむら整形外科,,053-432-8111,笠井新田町,浜松市東区,笠井新田町180-1,,34.769665,137.790266
221309,静岡県,浜松市,2217107099,かねた耳鼻咽喉科医院,,053-435-8733,笠井町,浜松市東区,笠井町1461,,34.765359,137.794757
221309,静岡県,浜松市,2217107016,大須賀医院,かかりつけのみ,053-432-5007,笠井町,浜松市東区,笠井町103,,34.767930,137.799517
221309,静岡県,浜松市,2217210802,たまこしクリニック,かかりつけのみ,053-411-2002,丸塚町,浜松市東区,丸塚町262-1,,34.729668,137.760827
221309,静岡県,浜松市,2217211172,竹下耳鼻咽喉科,かかりつけのみ,053-462-8733,宮竹町,浜松市東区,宮竹町89-1,,34.717279,137.765037
221309,静岡県,浜松市,2217201876,ひらいで消化器・内視鏡クリニック,かかりつけのみ,053-467-1150,原島町,浜松市東区,原島町355-1,,34.732616,137.771529
221309,静岡県,浜松市,2217111562,医療法人社団二葉会中村医院,かかりつけのみ,053-463-1001,原島町,浜松市東区,原島町72-1,,34.726085,137.769074
221309,静岡県,浜松市,2217111018,磯部内科クリニック,,053-463-3127,子安町,浜松市東区,子安町301-10,,34.712082,137.758991
221309,静岡県,浜松市,2217107719,木俣外科消化器科医院,かかりつけのみ,053-463-7807,子安町,浜松市東区,子安町319-1,,34.712685,137.761772
221309,静岡県,浜松市,2217210596,とだ消化器クリニック,,053-421-8111,市野町,浜松市東区,市野町2461-1,,34.742289,137.768473
221309,静岡県,浜松市,2217200118,マツオ脳神経クリニック,かかりつけのみ,053-431-2121,市野町,浜松市東区,市野町290-1,,34.751583,137.771494
221309,静岡県,浜松市,2217200423,ひろせクリニック,かかりつけのみ,053-411-2020,篠ケ瀬町,浜松市東区,篠ケ瀬町211,,34.730570,137.773989
221309,静岡県,浜松市,2217106448,松本医院,かかりつけのみ,053-422-5353,篠ケ瀬町,浜松市東区,篠ケ瀬町1172番地,,34.724956,137.777431
221309,静岡県,浜松市,2217112230,きくち内科クリニック,,053-468-7255,将監町,浜松市東区,将監町12-13,,34.715737,137.754111
221309,静岡県,浜松市,2217200654,ほりべ皮フ科内科,,053-411-5300,小池町,浜松市東区,小池町1566,,34.746773,137.752063
221309,静岡県,浜松市,2217112081,長島内科医院,かかりつけのみ,053-461-6130,小池町,浜松市東区,小池町2659-1,,34.742938,137.757591
221309,静岡県,浜松市,2217210687,おざわ内科,,053-461-5030,上西町,浜松市東区,上西町36-12,,34.720627,137.752384
221309,静岡県,浜松市,2217201926,のずえ内科・呼吸器クリニック,かかりつけのみ,053-467-5700,上西町,浜松市東区,上西町3-8,,34.725278,137.752255
221309,静岡県,浜松市,2217105549,井熊内科,かかりつけのみ,053-435-1313,上石田町,浜松市東区,上石田町2372,,34.752661,137.786120
221309,静岡県,浜松市,2217105507,泌尿器科 重野医院,,053-435-5101,西ケ崎町,浜松市東区,西ケ崎町334,,34.781014,137.771405
221309,静岡県,浜松市,2217112206,穣クリニック,,053-432-4114,西ケ崎町,浜松市東区,西ケ崎町1058,,34.773963,137.768422
221309,静岡県,浜松市,2217210158,岡井内科医院,かかりつけのみ,053-435-1002,積志町,浜松市東区,積志町108番地,,34.772603,137.769093
221309,静岡県,浜松市,2217110614,石井医院,かかりつけのみ,053-434-0673,積志町,浜松市東区,積志町1651-2,,34.765811,137.758304
221309,静岡県,浜松市,2217111422,いわた内科,かかりつけのみ,053-434-3114,大瀬町,浜松市東区,大瀬町2510,,34.756330,137.770527
221309,静岡県,浜松市,2217111687,岡田内科,かかりつけのみ,053-434-6800,大瀬町,浜松市東区,大瀬町875-1,,34.757253,137.759802
221309,静岡県,浜松市,2217111703,浜松北病院,かかりつけのみ,053-435-1111,大瀬町,浜松市東区,大瀬町1568,,34.763279,137.772019
221309,静岡県,浜松市,2217201934,さぎさかクリニック,,053-432-5252,大島町,浜松市東区,大島町187-1,,34.763833,137.780727
221309,静岡県,浜松市,2217201835,小林クリニック,,053-431-1177,中郡町,浜松市東区,中郡町831-2,,34.774232,137.770867
221309,静岡県,浜松市,2217202015,ATSUSHIメディカルクリニック,,053-411-1107,中田町,浜松市東区,中田町691,,34.740940,137.758517
221309,静岡県,浜松市,2217111695,石垣内科医院,かかりつけのみ,053-421-0057,中野町,浜松市東区,中野町1217,,34.728551,137.796191
221309,静岡県,浜松市,2217200068,本康医院,,053-421-0027,中野町,浜松市東区,中野町2061-1,,34.728001,137.797228
221309,静岡県,浜松市,2217111836,金子内科循環器科クリニック,,053-411-0033,天王町,浜松市東区,天王町1757,,34.735857,137.767960
221309,静岡県,浜松市,2217200613,高田眼科,かかりつけのみ,053-466-5551,天王町,浜松市東区,天王町1981-3,イオンモール浜松市野1F,34.740111,137.762831
221309,静岡県,浜松市,2217210620,佐野内科クリニック,,053-422-7777,天王町,浜松市東区,天王町1818,,34.737645,137.769106
221309,静岡県,浜松市,2217210083,ねもと内科クリニック,かかりつけのみ,053-421-8877,天龍川町,浜松市東区,天龍川町1123,,34.721220,137.778955
221309,静岡県,浜松市,2217210950,エルム内科クリニック,かかりつけのみ,053-431-4120,半田山五,浜松市東区,半田山5-17-22,,34.776507,137.741291
221309,静岡県,浜松市,2217200274,いとう耳鼻咽喉科,かかりつけのみ,053-431-5550,半田町,浜松市東区,半田町133-1,,34.777684,137.752167
221309,静岡県,浜松市,2217111356,せのおクリニック,かかりつけのみ,053-435-0121,半田町,浜松市東区,半田町1604-1,,34.764807,137.745356
221309,静岡県,浜松市,2217200894,まつけんクリニック,,053-432-5566,半田町,浜松市東区,半田町155-1,,34.777313,137.752081
221309,静岡県,浜松市,2217210190,山下ハートクリニック,かかりつけのみ,053-435-8800,豊町,浜松市東区,豊町671-1,,34.780956,137.807441
221309,静岡県,浜松市,2217111778,友成医院,,053-434-1152,豊町,浜松市東区,豊町2752-1,,34.770048,137.803326
221309,静岡県,浜松市,2217201553,いわもと痛みのクリニック,,053-434-7711,有玉南町,浜松市東区,有玉南町291番地,,34.756805,137.754759
221309,静岡県,浜松市,2217211503,岡崎内科医院,かかりつけのみ,053-433-5255,有玉南町,浜松市東区,有玉南町1436,,34.752389,137.753367
221309,静岡県,浜松市,2217106257,間宮内科クリニック,かかりつけのみ,053-473-7871,有玉南町,浜松市東区,有玉南町1880,,34.749710,137.749513
221309,静岡県,浜松市,2217201694,いそざきファミリークリニック,かかりつけのみ,053-432-6111,有玉北町,浜松市東区,有玉北町1760-1,,34.760283,137.754625
221309,静岡県,浜松市,2217111869,藤島クリニック,かかりつけのみ,053-434-8850,有玉北町,浜松市東区,有玉北町1995,,34.762872,137.750059
221309,静岡県,浜松市,2217200878,わたなべクリニック,かかりつけのみ,053-411-2525,和田町,浜松市東区,和田町85-1,,34.721082,137.774864
221309,静岡県,浜松市,2217211040,松井クリニック,かかりつけのみ,053-411-1611,和田町,浜松市東区,和田町200-2,,34.716996,137.777504
221309,静岡県,浜松市,2217111216,田口内科・循環器科医院,,053-463-5151,和田町,浜松市東区,和田町900-2,,34.717976,137.769281
221309,静岡県,浜松市,2217110713,平良内科,,053-441-8266,瓜内町,浜松市南区,瓜内町804,,34.688734,137.735461
221309,静岡県,浜松市,2217106737,遠州浜外科医院,かかりつけのみ,053-425-1536,遠州浜二,浜松市南区,遠州浜2-15-1,,34.657305,137.765255
221309,静岡県,浜松市,2217111331,西村整形外科,かかりつけのみ,053-425-7117,恩地町,浜松市南区,恩地町357,,34.687433,137.760732
221309,静岡県,浜松市,2217111372,あいの街クリニック,,053-426-5566,下江町,浜松市南区,下江町573-2,,34.679205,137.769708
221309,静岡県,浜松市,2217210612,幸田クリニック,かかりつけのみ,053-426-2000,下江町,浜松市南区,下江町448番地,,34.680710,137.771504
221309,静岡県,浜松市,2217111760,渡瀬眼科医院,,053-426-3133,下江町,浜松市南区,下江町456-3,,34.679767,137.771389
221309,静岡県,浜松市,2217211123,あさのクリニック,,053-415-3535,高塚町,浜松市南区,高塚町1628-1,,34.693405,137.678235
221309,静岡県,浜松市,2217201777,菊池医院,かかりつけのみ,053-447-0160,高塚町,浜松市南区,高塚町121-1,,34.689640,137.686428
221309,静岡県,浜松市,2217210794,みのる内科クリニック,かかりつけのみ,053-444-6611,三島町,浜松市南区,三島町1784-1,,34.693594,137.750343
221309,静岡県,浜松市,2217111885,粟津医院,かかりつけのみ,053-441-1021,三島町,浜松市南区,三島町709,,34.688659,137.743474
221309,静岡県,浜松市,2217201611,鶴泌尿器科クリニック,かかりつけのみ,053-444-3111,三島町,浜松市南区,三島町632-1,,34.685204,137.743256
221309,静岡県,浜松市,2217201066,三和診療所,,053-465-1111,三和町,浜松市南区,三和町337,,34.705525,137.765233
221309,静岡県,浜松市,2217210216,尾藤クリニック,かかりつけのみ,053-462-3939,三和町,浜松市南区,三和町614-3,,34.699847,137.770321
221309,静岡県,浜松市,2217210067,医療法人社団みのりハートクリニック,かかりつけのみ,053-427-2211,四本松町,浜松市南区,四本松町192,,34.685819,137.767760
221309,静岡県,浜松市,2217201652,近藤外科消化器科医院,かかりつけのみ,053-441-3423,寺脇町,浜松市南区,寺脇町664-2,,34.684993,137.750710
221309,静岡県,浜松市,2217210273,やすひろクリニック,かかりつけのみ,053-415-1005,若林町,浜松市南区,若林町194-1,,34.686692,137.706200
221309,静岡県,浜松市,2217111026,太田整形外科医院,,053-447-3221,若林町,浜松市南区,若林町950,,34.687546,137.705431
221309,静岡県,浜松市,2217106166,うさみクリニック,かかりつけのみ,053-448-4112,新橋町,浜松市南区,新橋町710-1,,34.681505,137.701020
221309,静岡県,浜松市,2217111166,外科消化器科林医院,かかりつけのみ,053-441-1177,新橋町,浜松市南区,新橋町1441-1,,34.679760,137.710381
221309,静岡県,浜松市,2217111224,滝浪ハートクリニック,かかりつけのみ,053-448-3411,新橋町,浜松市南区,新橋町510-1,,34.683051,137.695768
221309,静岡県,浜松市,2217210463,和クリニック,かかりつけのみ,053-445-3339,増楽町,浜松市南区,増楽町1516-1,,34.692062,137.694352
221309,静岡県,浜松市,2217111059,中田島クリニック,かかりつけのみ,053-441-8880,中田島町,浜松市南区,中田島町444,,34.672488,137.744062
221309,静岡県,浜松市,2217110432,医療法人弘遠会すずかけセントラル病院,かかりつけのみ,053-401-5735,田尻町,浜松市南区,田尻町120-1,,34.680706,137.725878
221309,静岡県,浜松市,2217210018,ワタセクリニック,かかりつけのみ,053-463-1155,渡瀬町,浜松市南区,渡瀬町3,,34.705412,137.764169
221309,静岡県,浜松市,2217111927,かみむら耳鼻咽喉科医院,かかりつけのみ,053-442-8733,白羽町,浜松市南区,白羽町1-7,,34.685481,137.738170
221309,静岡県,浜松市,2217210117,浜松南病院,かかりつけのみ,053-443-2111,白羽町,浜松市南区,白羽町26,,34.684478,137.739187
221309,静岡県,浜松市,2217210257,とよだクリニック,,053-426-5800,福島町,浜松市南区,福島町237-1,,34.663878,137.769376
221309,静岡県,浜松市,2217111596,医療法人社団新風会丸山クリニック,かかりつけのみ,053-443-2266,法枝町,浜松市南区,法枝町222-1,,34.678592,137.726470
221309,静岡県,浜松市,2217112065,伊藤整形外科医院,かかりつけのみ,053-425-0127,芳川町,浜松市南区,芳川町380,,34.690508,137.766241
221309,静岡県,浜松市,2217111273,野口医院,かかりつけのみ,053-425-0049,芳川町,浜松市南区,芳川町845,,34.689774,137.767038
221309,静岡県,浜松市,2217106992,たての敏宏内科,かかりつけのみ,053-426-5116,立野町,浜松市南区,立野町136-2,,34.687245,137.773810
221309,静岡県,浜松市,2217210638,井原内科クリニック,,053-427-1112,鼡野町,浜松市南区,鼡野町174-4,,34.677102,137.762523
221309,静岡県,浜松市,2217211479,医療法人社団　もがみ内科クリニック,かかりつけのみ,053-588-5700,於呂,浜松市浜北区,於呂2840-8,,34.833320,137.800695
221309,静岡県,浜松市,2217210059,医療法人社団 三誠会　北斗わかば病院,かかりつけのみ,053-588-5000,於呂,浜松市浜北区,於呂3181-1,,34.829476,137.801755
221309,静岡県,浜松市,2218300826,中川クリニック,かかりつけのみ,053-584-3433,横須賀,浜松市浜北区,横須賀691,,34.790631,137.791603
221309,静岡県,浜松市,2218300552,河合クリニック,,053-587-1771,貴布祢,浜松市浜北区,貴布祢313-10,,34.793528,137.785392
221309,静岡県,浜松市,2218310353,かわい内科消化器科,かかりつけのみ,053-580-1850,宮口,浜松市浜北区,宮口3254,,34.821824,137.776375
221309,静岡県,浜松市,2218310098,宮口こんどうクリニック,かかりつけのみ,053-589-8335,宮口,浜松市浜北区,宮口808-2,,34.826618,137.772718
221309,静岡県,浜松市,2218310270,生協きたはま診療所,かかりつけのみ,053-584-1550,高畑,浜松市浜北区,高畑18,,34.790319,137.795376
221309,静岡県,浜松市,2218310205,ひらの内科・泌尿器科クリニック,かかりつけのみ,053-586-7800,小松,浜松市浜北区,小松97-1,,34.793449,137.777083
221309,静岡県,浜松市,2218300701,ほんま耳鼻いんこう科,,053-586-5155,小松,浜松市浜北区,小松187-1,,34.792968,137.777583
221309,静岡県,浜松市,2218300628,横田整形外科,,053-586-2025,小松,浜松市浜北区,小松4669,,34.787031,137.777479
221309,静岡県,浜松市,2218310189,吉田クリニック,,053-586-7600,小松,浜松市浜北区,小松215-2,,34.791789,137.777279
221309,静岡県,浜松市,2218310213,小松診療所,,053-587-1711,小松,浜松市浜北区,小松336-2,,34.789600,137.779229
221309,静岡県,浜松市,2218310114,石井第一産科婦人科クリニック,,053-586-6166,小松,浜松市浜北区,小松4498-5,,34.784578,137.777500
221309,静岡県,浜松市,2217200381,クリニックひでとし,,053-584-1301,小林,浜松市浜北区,小林59-22,,34.801003,137.777348
221309,静岡県,浜松市,2217200365,こう痛み内科クリニック,かかりつけのみ,053-584-5577,小林,浜松市浜北区,小林1383-1,,34.806661,137.794750
221309,静岡県,浜松市,2217201942,たむら内科クリニック,かかりつけのみ,053-584-6111,小林,浜松市浜北区,小林1264-1,,34.808611,137.790890
221309,静岡県,浜松市,2217210174,杉山整形外科,かかりつけのみ,053-584-3700,小林,浜松市浜北区,小林1546-1,,34.812021,137.790367
221309,静岡県,浜松市,2218310320,浜名クリニック,,053-586-0515,沼,浜松市浜北区,沼235-1,,34.792300,137.785894
221309,静岡県,浜松市,2218300537,服部医院,,053-586-2221,沼,浜松市浜北区,沼268,,34.794297,137.785961
221309,静岡県,浜松市,2218310155,山下クリニック,,053-583-1313,上島,浜松市浜北区,上島462-2,,34.850180,137.812221
221309,静岡県,浜松市,2216510079,天竜こども医院,かかりつけのみ,053-583-3633,上島,浜松市浜北区,上島110-3,,34.846730,137.815078
221309,静岡県,浜松市,2218300446,髙倉クリニック,,053-586-1835,西美薗,浜松市浜北区,西美薗2614,,34.808589,137.806197
221309,静岡県,浜松市,2217201504,きらりタウンかわい内科医院,かかりつけのみ,053-584-1221,染地台一,浜松市浜北区,染地台1-25-30,,34.782987,137.745187
221309,静岡県,浜松市,2218310197,岸本内科クリニック,かかりつけのみ,053-586-9100,中条,浜松市浜北区,中条269-2,,34.781458,137.785451
221309,静岡県,浜松市,2218310338,さとうクリニック,かかりつけのみ,053-580-0555,中瀬,浜松市浜北区,中瀬1100-3,,34.818662,137.807205
221309,静岡県,浜松市,2218310288,遠江病院,かかりつけのみ,053-588-1880,中瀬,浜松市浜北区,中瀬3832-1,,34.819582,137.811418
221309,静岡県,浜松市,2218300743,岡田整形外科,かかりつけのみ,053-580-0366,中瀬,浜松市浜北区,中瀬52-3,,34.811865,137.803752
221309,静岡県,浜松市,2218310304,西遠クリニック,,053-586-1552,東美薗,浜松市浜北区,東美薗1546-8,,34.804538,137.800774
221309,静岡県,浜松市,2218310387,桜町クリニック,,053-585-3213,道本,浜松市浜北区,道本28-3,,34.802283,137.788750
221309,静岡県,浜松市,2217210430,ながはしクリニック,かかりつけのみ,053-584-5221,内野,浜松市浜北区,内野2404-1,,34.782678,137.759614
221309,静岡県,浜松市,2218310247,西坂整形外科,,053-585-0550,内野,浜松市浜北区,内野1220,,34.778163,137.752467
221309,静岡県,浜松市,2218300768,田所クリニック,かかりつけのみ,053-584-3366,内野,浜松市浜北区,内野1239,,34.779252,137.752934
221309,静岡県,浜松市,2217211610,いで内科・呼吸器内科クリニック,かかりつけのみ,053-584-4976,本沢合,浜松市浜北区,本沢合801-4,,34.810328,137.796794
221309,静岡県,浜松市,2217210455,牧原医院,かかりつけのみ,053-542-2256,井伊谷,浜松市北区,引佐町井伊谷1741,,34.826391,137.667844
221309,静岡県,浜松市,2218110142,林医院,かかりつけのみ,053-542-0072,井伊谷,浜松市北区,引佐町井伊谷635,,34.834016,137.672118
221309,静岡県,浜松市,2218110167,医療法人社団早友会クロヤナギ 医院,かかりつけのみ,053-524-1000,宇志,浜松市北区,三ヶ日町宇志34-1,,34.800387,137.561195
221309,静岡県,浜松市,2218100572,奥山診療所,かかりつけのみ,053-543-0013,奥山,浜松市北区,引佐町奥山305-6,,34.840044,137.635578
221309,静岡県,浜松市,2217201389,かたの医院,かかりつけのみ,053-527-0051,気賀,浜松市北区,細江町気賀480,,34.807604,137.649747
221309,静岡県,浜松市,2218110134,医療法人社団気賀渥美医院,,053-522-1462,気賀,浜松市北区,細江町気賀506-2,,34.808082,137.648751
221309,静岡県,浜松市,2218110126,長田医院,かかりつけのみ,053-522-0105,気賀,浜松市北区,細江町気賀144-3,,34.807033,137.656449
221309,静岡県,浜松市,2218110043,引佐赤十字病院,かかりつけのみ,053-542-0115,金指,浜松市北区,引佐町金指1020,,34.819387,137.681934
221309,静岡県,浜松市,2217210380,宮田内科循環器科医院,かかりつけのみ,053-542-3633,金指,浜松市北区,引佐町金指1578-1,,34.817081,137.675079
221309,静岡県,浜松市,2217112057,なるみやハートクリニック,かかりつけのみ,053-414-2720,根洗町,浜松市北区,根洗町537-1,,34.794903,137.690546
221309,静岡県,浜松市,2217210091,わんぱくキッズクリニック,,053-414-3189,根洗町,浜松市北区,根洗町548-1,,34.794026,137.689502
221309,静岡県,浜松市,2218110225,縣医院,かかりつけのみ,053-525-0120,三ヶ日,浜松市北区,三ヶ日町三ヶ日653-2,,34.804357,137.553532
221309,静岡県,浜松市,2217112172,みゆき内科クリニック,かかりつけのみ,053-437-5490,三幸町,浜松市北区,三幸町500-1,,34.805006,137.723395
221309,静岡県,浜松市,2217112198,やなせ内科呼吸器科クリニック,,053-414-5886,三方原町,浜松市北区,三方原町565-1,,34.774384,137.709524
221309,静岡県,浜松市,2217211271,やの胃腸肛門外科,かかりつけのみ,053-430-2300,三方原町,浜松市北区,三方原町236-1,,34.771313,137.711185
221309,静岡県,浜松市,2217105267,ゆたか外科,かかりつけのみ,053-437-4848,三方原町,浜松市北区,三方原町1623-2,,34.785469,137.709489
221309,静岡県,浜松市,2217112180,わたひき消化器内科クリニック,かかりつけのみ,053-414-5707,三方原町,浜松市北区,三方原町564-11,,34.774500,137.709699
221309,静岡県,浜松市,2217201264,山田消化器内科クリニック,,053-430-1555,三方原町,浜松市北区,三方原町892-1,,34.782370,137.718147
221309,静岡県,浜松市,2217160205,総合病院　聖隷三方原病院,,053-436-0567,三方原町,浜松市北区,三方原町3453,,34.792370,137.691011
221309,静岡県,浜松市,2217111604,社会福祉法人　聖隷福祉事業団　聖隷予防検診センター,,0570-550-216,三方原町,浜松市北区,三方原町3453-1,,34.791706,137.689738
221309,静岡県,浜松市,2217105762,前嶋内科,,053-438-4655,三方原町,浜松市北区,三方原町1153-17,,34.784126,137.714708
221309,静岡県,浜松市,2217112149,内科なぐら医院,,053-430-5060,三方原町,浜松市北区,三方原町57-5,,34.773623,137.717842
221309,静岡県,浜松市,2217201801,いわき内科クリニック,かかりつけのみ,053-420-0088,初生町,浜松市北区,初生町903-1,,34.763909,137.721853
221309,静岡県,浜松市,2217211115,なかの呼吸器・アレルギークリニック,かかりつけのみ,053-430-5111,初生町,浜松市北区,初生町381-2,,34.763384,137.727822
221309,静岡県,浜松市,2217201041,はしもと耳鼻咽喉科,かかりつけのみ,053-414-3387,初生町,浜松市北区,初生町1112-4,,34.773847,137.734121
221309,静岡県,浜松市,2217110622,浅井外科･消化器科医院,,053-436-2108,初生町,浜松市北区,初生町715-1,,34.767222,137.717173
221309,静岡県,浜松市,2217201355,八木医院,かかりつけのみ,053-437-2811,初生町,浜松市北区,初生町1137-2,,34.771283,137.729972
221309,静岡県,浜松市,2217200019,野村クリニック,かかりつけのみ,053-414-1007,初生町,浜松市北区,初生町413-7,,34.764456,137.732315
221309,静岡県,浜松市,2217210547,井伊谷ガーデンクリニック,かかりつけのみ,053-528-2772,神宮寺町,浜松市北区,神宮寺町8番24号,,34.831229,137.670348
221309,静岡県,浜松市,2218100564,クリニックかねこ,かかりつけのみ,053-527-2018,中川,浜松市北区,細江町中川7172-1703,,34.792346,137.685208
221309,静岡県,浜松市,2217211263,種部整形外科医院,,053-522-4121,中川,浜松市北区,細江町中川7172-2254,,34.798565,137.694969
221309,静岡県,浜松市,2218100598,みかえ内科クリニック,かかりつけのみ,053-526-0500,都筑,浜松市北区,三ヶ日町都筑2488-1,,34.790647,137.580770
221309,静岡県,浜松市,2217211669,安田クリニック,,053-428-8311,都田町,浜松市北区,都田町9307-24,,34.814905,137.745502
221309,静岡県,浜松市,2217111067,相羽内科消化器科医院,,053-428-4500,都田町,浜松市北区,都田町8110-3,,34.811399,137.730083
221309,静岡県,浜松市,2217111786,医療法人社団　種光会　朝山病院,かかりつけのみ,053-420-1830,東三方町,浜松市北区,東三方町476-1,,34.784468,137.728586
221309,静岡県,浜松市,2217210844,木村産科・婦人科,かかりつけのみ,053-439-1010,東三方町,浜松市北区,東三方町94-3,,34.777024,137.733478
221309,静岡県,浜松市,2218110019,浜松市引佐鎮玉診療所,かかりつけのみ,053-528-5800,別所,浜松市北区,引佐町別所219番地の5,,34.894335,137.678083
221309,静岡県,浜松市,2217210646,浜松とよおか病院,,053-439-0100,豊岡町,浜松市北区,豊岡町110番地,,34.788743,137.736355
221309,静岡県,浜松市,2217111133,佐鳴台こどもクリニック,,053-447-4010,佐鳴台四,浜松市中区,佐鳴台4-40-43,,34.711038,137.698912
221309,静岡県,浜松市,2217112073,今西こどもクリニック,かかりつけのみ,053-475-1024,上島六,浜松市中区,上島6-22-25,,34.744851,137.737496
221309,静岡県,浜松市,2217210034,しらまつ整形外科,かかりつけのみ,053-596-2080,宇布見,浜松市西区,雄踏町宇布見3985-1,,34.699216,137.645798
221309,静岡県,浜松市,2217202064,やの脳神経外科・救急科クリニック,,053-522-7722,宇布見,浜松市西区,雄踏町宇布見4065-1,,34.698363,137.644956
221309,静岡県,浜松市,2217111620,幸田子供クリニック,かかりつけのみ,053-485-0012,西山町,浜松市西区,西山町159-1,,34.733493,137.691944
221309,静岡県,浜松市,2217211388,たなか小児科,かかりつけのみ,053-421-4111,天王町,浜松市東区,天王町1953,,34.739644,137.765901
